{
    "case-001": {
        "origin": [-3.937125, 38.998054],
        "destiny": [-3.921382, 38.984157],
        "name": "Case 1"
    },
    "case-002": {
        "origin": [-3.937124, 38.988544],
        "destiny": [-3.913950, 38.976525],
        "name": "Case 2"
    },
    "case-003": {
        "origin": [-3.927412, 38.998245],
        "destiny": [-3.924748, 38.985628],
        "name": "Case 3"
    },
    "case-004": {
        "origin": [-3.920680, 38.996011],
        "destiny": [-3.944766, 38.979441],
        "name": "Case 4"
    },
    "case-005": {
        "origin": [-3.921768, 38.968320],
        "destiny": [-3.924817, 38.992686],
        "name": "Case 5"
    },
    "case-006": {
        "origin": [-3.937404, 38.985709],
        "destiny": [-3.922468, 38.993613],
        "name": "Case 6"
    },
    "case-007": {
        "origin": [-3.921628, 38.979823],
        "destiny": [-3.930252, 38.992741],
        "name": "Case 7"
    },
    "case-008": {
        "origin": [-3.918506, 38.991460],
        "destiny": [-3.934179, 38.986064],
        "name": "Case 8"
    },
    "case-009": {
        "origin": [-3.915842, 38.986036],
        "destiny": [-3.946239, 38.979168],
        "name": "Case 9"
    },
    "case-010": {
        "origin": [-3.943259, 38.971809],
        "destiny": [-3.922612, 38.998617],
        "name": "Case 10"
    }
}